,data1,data2
1,11.95700145458797,3.5046060485326653
2,4.638168001741987,3.209339788632895
3,4.3178733091063215,3.445000412353136
4,4.436821301175981,3.368742209901712
