,data1,data2
1,13.667329353296351,3.5046060485553103
2,4.638168001741987,3.209339788632895
3,4.3178733091063215,3.445000412353136
4,4.436821301175981,3.368742209901712
