,data1,data2
4,4.470711664650706,3.382968050830823
1,13.667329353296351,3.5046060485553103
2,4.638168001741987,3.209339788632895
3,4.317873309106329,3.4450004123531333
